_id,transaction_code,sender_id,receiver_id,amount,transaction_type,status,payment_channel,transaction_growth_rate,device_id,transaction_time,remarks,created_at,__v,location.district,location.latitude,location.longitude
TXN-55500001,TXN-55500001,USR-00072,USR-5555,8922,QR_PAYMENT,SUCCESS,QR,0.03,DEV-USR-5555,2026-05-30T06:15:00.000Z,Best merchant sales income,2026-05-30T06:15:00.000Z,0,Kathmandu,27.7007,85.3001
TXN-55500002,TXN-55500002,USR-00087,USR-5555,8944,QR_PAYMENT,SUCCESS,QR,0.05,DEV-USR-5555,2026-05-29T06:15:00.000Z,Best merchant sales income,2026-05-29T06:15:00.000Z,0,Kathmandu,27.7007,85.3001
TXN-55500003,TXN-55500003,USR-00083,USR-5555,12392,QR_PAYMENT,SUCCESS,QR,0.04,DEV-USR-5555,2026-05-28T06:15:00.000Z,Best merchant sales income,2026-05-28T06:15:00.000Z,0,Kathmandu,27.7007,85.3001
TXN-55500004,TXN-55500004,USR-00055,USR-5555,14552,QR_PAYMENT,SUCCESS,QR,0.05,DEV-USR-5555,2026-05-27T06:15:00.000Z,Best merchant sales income,2026-05-27T06:15:00.000Z,0,Kathmandu,27.7007,85.3001
TXN-55500005,TXN-55500005,USR-00100,USR-5555,14430,QR_PAYMENT,SUCCESS,QR,0.03,DEV-USR-5555,2026-05-26T06:15:00.000Z,Best merchant sales income,2026-05-26T06:15:00.000Z,0,Kathmandu,27.7007,85.3001
TXN-55500006,TXN-55500006,USR-00078,USR-5555,14038,QR_PAYMENT,SUCCESS,QR,0.06,DEV-USR-5555,2026-05-25T06:15:00.000Z,Best merchant sales income,2026-05-25T06:15:00.000Z,0,Kathmandu,27.7007,85.3001
TXN-55500007,TXN-55500007,USR-00100,USR-5555,11714,QR_PAYMENT,SUCCESS,QR,0.05,DEV-USR-5555,2026-05-24T06:15:00.000Z,Best merchant sales income,2026-05-24T06:15:00.000Z,0,Kathmandu,27.7007,85.3001
TXN-55500008,TXN-55500008,USR-00068,USR-5555,11285,QR_PAYMENT,SUCCESS,QR,0.04,DEV-USR-5555,2026-05-23T06:15:00.000Z,Best merchant sales income,2026-05-23T06:15:00.000Z,0,Kathmandu,27.7007,85.3001
TXN-55500009,TXN-55500009,USR-00077,USR-5555,14540,QR_PAYMENT,SUCCESS,QR,0.05,DEV-USR-5555,2026-05-22T06:15:00.000Z,Best merchant sales income,2026-05-22T06:15:00.000Z,0,Kathmandu,27.7007,85.3001
TXN-55500010,TXN-55500010,USR-00078,USR-5555,12708,QR_PAYMENT,SUCCESS,QR,0.03,DEV-USR-5555,2026-05-21T06:15:00.000Z,Best merchant sales income,2026-05-21T06:15:00.000Z,0,Kathmandu,27.7007,85.3001
TXN-55500011,TXN-55500011,USR-00059,USR-5555,12545,QR_PAYMENT,SUCCESS,QR,0.06,DEV-USR-5555,2026-05-20T06:15:00.000Z,Best merchant sales income,2026-05-20T06:15:00.000Z,0,Kathmandu,27.7007,85.3001
TXN-55500012,TXN-55500012,USR-00061,USR-5555,9210,QR_PAYMENT,SUCCESS,QR,0.04,DEV-USR-5555,2026-05-19T06:15:00.000Z,Best merchant sales income,2026-05-19T06:15:00.000Z,0,Kathmandu,27.7007,85.3001
TXN-55500013,TXN-55500013,USR-00056,USR-5555,10791,QR_PAYMENT,SUCCESS,QR,0.06,DEV-USR-5555,2026-05-18T06:15:00.000Z,Best merchant sales income,2026-05-18T06:15:00.000Z,0,Kathmandu,27.7007,85.3001
TXN-55500014,TXN-55500014,USR-00061,USR-5555,9847,QR_PAYMENT,SUCCESS,QR,0.06,DEV-USR-5555,2026-05-17T06:15:00.000Z,Best merchant sales income,2026-05-17T06:15:00.000Z,0,Kathmandu,27.7007,85.3001
TXN-55500015,TXN-55500015,USR-00079,USR-5555,8425,QR_PAYMENT,SUCCESS,QR,0.02,DEV-USR-5555,2026-05-16T06:15:00.000Z,Best merchant sales income,2026-05-16T06:15:00.000Z,0,Kathmandu,27.7007,85.3001
TXN-55500016,TXN-55500016,USR-00054,USR-5555,9003,QR_PAYMENT,SUCCESS,QR,0.06,DEV-USR-5555,2026-05-15T06:15:00.000Z,Best merchant sales income,2026-05-15T06:15:00.000Z,0,Kathmandu,27.7007,85.3001
TXN-55500017,TXN-55500017,USR-00089,USR-5555,11388,QR_PAYMENT,SUCCESS,QR,0.03,DEV-USR-5555,2026-05-14T06:15:00.000Z,Best merchant sales income,2026-05-14T06:15:00.000Z,0,Kathmandu,27.7007,85.3001
TXN-55500018,TXN-55500018,USR-00072,USR-5555,9810,QR_PAYMENT,SUCCESS,QR,0.08,DEV-USR-5555,2026-05-13T06:15:00.000Z,Best merchant sales income,2026-05-13T06:15:00.000Z,0,Kathmandu,27.7007,85.3001
TXN-55500019,TXN-55500019,USR-00052,USR-5555,9209,QR_PAYMENT,SUCCESS,QR,0.03,DEV-USR-5555,2026-05-12T06:15:00.000Z,Best merchant sales income,2026-05-12T06:15:00.000Z,0,Kathmandu,27.7007,85.3001
TXN-55500020,TXN-55500020,USR-00096,USR-5555,14155,QR_PAYMENT,SUCCESS,QR,0.06,DEV-USR-5555,2026-05-11T06:15:00.000Z,Best merchant sales income,2026-05-11T06:15:00.000Z,0,Kathmandu,27.7007,85.3001
TXN-55500021,TXN-55500021,USR-00059,USR-5555,11469,QR_PAYMENT,SUCCESS,QR,0.07,DEV-USR-5555,2026-05-10T06:15:00.000Z,Best merchant sales income,2026-05-10T06:15:00.000Z,0,Kathmandu,27.7007,85.3001
TXN-55500022,TXN-55500022,USR-00092,USR-5555,11513,QR_PAYMENT,SUCCESS,QR,0.07,DEV-USR-5555,2026-05-09T06:15:00.000Z,Best merchant sales income,2026-05-09T06:15:00.000Z,0,Kathmandu,27.7007,85.3001
TXN-55500023,TXN-55500023,USR-00095,USR-5555,14928,QR_PAYMENT,SUCCESS,QR,0.06,DEV-USR-5555,2026-05-08T06:15:00.000Z,Best merchant sales income,2026-05-08T06:15:00.000Z,0,Kathmandu,27.7007,85.3001
TXN-55500024,TXN-55500024,USR-00065,USR-5555,8928,QR_PAYMENT,SUCCESS,QR,0.07,DEV-USR-5555,2026-05-07T06:15:00.000Z,Best merchant sales income,2026-05-07T06:15:00.000Z,0,Kathmandu,27.7007,85.3001
TXN-55500025,TXN-55500025,USR-00070,USR-5555,10634,QR_PAYMENT,SUCCESS,QR,0.06,DEV-USR-5555,2026-05-06T06:15:00.000Z,Best merchant sales income,2026-05-06T06:15:00.000Z,0,Kathmandu,27.7007,85.3001
TXN-55500026,TXN-55500026,USR-00067,USR-5555,9730,QR_PAYMENT,SUCCESS,QR,0.05,DEV-USR-5555,2026-05-05T06:15:00.000Z,Best merchant sales income,2026-05-05T06:15:00.000Z,0,Kathmandu,27.7007,85.3001
TXN-55500027,TXN-55500027,USR-00099,USR-5555,14476,QR_PAYMENT,SUCCESS,QR,0.06,DEV-USR-5555,2026-05-04T06:15:00.000Z,Best merchant sales income,2026-05-04T06:15:00.000Z,0,Kathmandu,27.7007,85.3001
TXN-55500028,TXN-55500028,USR-00055,USR-5555,11720,QR_PAYMENT,SUCCESS,QR,0.02,DEV-USR-5555,2026-05-03T06:15:00.000Z,Best merchant sales income,2026-05-03T06:15:00.000Z,0,Kathmandu,27.7007,85.3001
TXN-55500029,TXN-55500029,USR-00097,USR-5555,9328,QR_PAYMENT,SUCCESS,QR,0.08,DEV-USR-5555,2026-05-02T06:15:00.000Z,Best merchant sales income,2026-05-02T06:15:00.000Z,0,Kathmandu,27.7007,85.3001
TXN-55500030,TXN-55500030,USR-00068,USR-5555,11660,QR_PAYMENT,SUCCESS,QR,0.07,DEV-USR-5555,2026-05-01T06:15:00.000Z,Best merchant sales income,2026-05-01T06:15:00.000Z,0,Kathmandu,27.7007,85.3001
TXN-55500031,TXN-55500031,USR-00093,USR-5555,11481,QR_PAYMENT,SUCCESS,QR,0.06,DEV-USR-5555,2026-04-30T06:15:00.000Z,Best merchant sales income,2026-04-30T06:15:00.000Z,0,Kathmandu,27.7007,85.3001
TXN-55500032,TXN-55500032,USR-00066,USR-5555,11828,QR_PAYMENT,SUCCESS,QR,0.08,DEV-USR-5555,2026-04-29T06:15:00.000Z,Best merchant sales income,2026-04-29T06:15:00.000Z,0,Kathmandu,27.7007,85.3001
TXN-55500033,TXN-55500033,USR-00062,USR-5555,13714,QR_PAYMENT,SUCCESS,QR,0.04,DEV-USR-5555,2026-04-28T06:15:00.000Z,Best merchant sales income,2026-04-28T06:15:00.000Z,0,Kathmandu,27.7007,85.3001
TXN-55500034,TXN-55500034,USR-00074,USR-5555,14283,QR_PAYMENT,SUCCESS,QR,0.07,DEV-USR-5555,2026-04-27T06:15:00.000Z,Best merchant sales income,2026-04-27T06:15:00.000Z,0,Kathmandu,27.7007,85.3001
TXN-55500035,TXN-55500035,USR-00075,USR-5555,8131,QR_PAYMENT,SUCCESS,QR,0.07,DEV-USR-5555,2026-04-26T06:15:00.000Z,Best merchant sales income,2026-04-26T06:15:00.000Z,0,Kathmandu,27.7007,85.3001
TXN-55500036,TXN-55500036,USR-00076,USR-5555,10200,QR_PAYMENT,SUCCESS,QR,0.04,DEV-USR-5555,2026-04-25T06:15:00.000Z,Best merchant sales income,2026-04-25T06:15:00.000Z,0,Kathmandu,27.7007,85.3001
TXN-55500037,TXN-55500037,USR-00078,USR-5555,14071,QR_PAYMENT,SUCCESS,QR,0.04,DEV-USR-5555,2026-04-24T06:15:00.000Z,Best merchant sales income,2026-04-24T06:15:00.000Z,0,Kathmandu,27.7007,85.3001
TXN-55500038,TXN-55500038,USR-00082,USR-5555,11934,QR_PAYMENT,SUCCESS,QR,0.06,DEV-USR-5555,2026-04-23T06:15:00.000Z,Best merchant sales income,2026-04-23T06:15:00.000Z,0,Kathmandu,27.7007,85.3001
TXN-55500039,TXN-55500039,USR-00069,USR-5555,8888,QR_PAYMENT,SUCCESS,QR,0.05,DEV-USR-5555,2026-04-22T06:15:00.000Z,Best merchant sales income,2026-04-22T06:15:00.000Z,0,Kathmandu,27.7007,85.3001
TXN-55500040,TXN-55500040,USR-00096,USR-5555,9043,QR_PAYMENT,SUCCESS,QR,0.03,DEV-USR-5555,2026-04-21T06:15:00.000Z,Best merchant sales income,2026-04-21T06:15:00.000Z,0,Kathmandu,27.7007,85.3001
TXN-55500041,TXN-55500041,USR-00089,USR-5555,10584,QR_PAYMENT,SUCCESS,QR,0.07,DEV-USR-5555,2026-04-20T06:15:00.000Z,Best merchant sales income,2026-04-20T06:15:00.000Z,0,Kathmandu,27.7007,85.3001
TXN-55500042,TXN-55500042,USR-00066,USR-5555,14458,QR_PAYMENT,SUCCESS,QR,0.06,DEV-USR-5555,2026-04-19T06:15:00.000Z,Best merchant sales income,2026-04-19T06:15:00.000Z,0,Kathmandu,27.7007,85.3001
TXN-55500043,TXN-55500043,USR-00097,USR-5555,13169,QR_PAYMENT,SUCCESS,QR,0.05,DEV-USR-5555,2026-04-18T06:15:00.000Z,Best merchant sales income,2026-04-18T06:15:00.000Z,0,Kathmandu,27.7007,85.3001
TXN-55500044,TXN-55500044,USR-00094,USR-5555,8424,QR_PAYMENT,SUCCESS,QR,0.05,DEV-USR-5555,2026-04-17T06:15:00.000Z,Best merchant sales income,2026-04-17T06:15:00.000Z,0,Kathmandu,27.7007,85.3001
TXN-55500045,TXN-55500045,USR-00088,USR-5555,13281,QR_PAYMENT,SUCCESS,QR,0.08,DEV-USR-5555,2026-04-16T06:15:00.000Z,Best merchant sales income,2026-04-16T06:15:00.000Z,0,Kathmandu,27.7007,85.3001
TXN-55500046,TXN-55500046,USR-00092,USR-5555,8837,QR_PAYMENT,SUCCESS,QR,0.05,DEV-USR-5555,2026-04-15T06:15:00.000Z,Best merchant sales income,2026-04-15T06:15:00.000Z,0,Kathmandu,27.7007,85.3001
TXN-55500047,TXN-55500047,USR-00092,USR-5555,11752,QR_PAYMENT,SUCCESS,QR,0.05,DEV-USR-5555,2026-04-14T06:15:00.000Z,Best merchant sales income,2026-04-14T06:15:00.000Z,0,Kathmandu,27.7007,85.3001
TXN-55500048,TXN-55500048,USR-00065,USR-5555,12638,QR_PAYMENT,SUCCESS,QR,0.07,DEV-USR-5555,2026-04-13T06:15:00.000Z,Best merchant sales income,2026-04-13T06:15:00.000Z,0,Kathmandu,27.7007,85.3001
TXN-55500049,TXN-55500049,USR-00054,USR-5555,8815,QR_PAYMENT,SUCCESS,QR,0.04,DEV-USR-5555,2026-04-12T06:15:00.000Z,Best merchant sales income,2026-04-12T06:15:00.000Z,0,Kathmandu,27.7007,85.3001
TXN-55500050,TXN-55500050,USR-00059,USR-5555,10619,QR_PAYMENT,SUCCESS,QR,0.08,DEV-USR-5555,2026-04-11T06:15:00.000Z,Best merchant sales income,2026-04-11T06:15:00.000Z,0,Kathmandu,27.7007,85.3001
TXN-55500051,TXN-55500051,USR-00070,USR-5555,8286,QR_PAYMENT,SUCCESS,QR,0.05,DEV-USR-5555,2026-04-10T06:15:00.000Z,Best merchant sales income,2026-04-10T06:15:00.000Z,0,Kathmandu,27.7007,85.3001
TXN-55500052,TXN-55500052,USR-00080,USR-5555,13235,QR_PAYMENT,SUCCESS,QR,0.04,DEV-USR-5555,2026-04-09T06:15:00.000Z,Best merchant sales income,2026-04-09T06:15:00.000Z,0,Kathmandu,27.7007,85.3001
TXN-55500053,TXN-55500053,USR-00053,USR-5555,9685,QR_PAYMENT,SUCCESS,QR,0.05,DEV-USR-5555,2026-04-08T06:15:00.000Z,Best merchant sales income,2026-04-08T06:15:00.000Z,0,Kathmandu,27.7007,85.3001
TXN-55500054,TXN-55500054,USR-00052,USR-5555,13419,QR_PAYMENT,SUCCESS,QR,0.04,DEV-USR-5555,2026-04-07T06:15:00.000Z,Best merchant sales income,2026-04-07T06:15:00.000Z,0,Kathmandu,27.7007,85.3001
TXN-55500055,TXN-55500055,USR-00051,USR-5555,9220,QR_PAYMENT,SUCCESS,QR,0.05,DEV-USR-5555,2026-04-06T06:15:00.000Z,Best merchant sales income,2026-04-06T06:15:00.000Z,0,Kathmandu,27.7007,85.3001
TXN-55500056,TXN-55500056,USR-00085,USR-5555,11009,QR_PAYMENT,SUCCESS,QR,0.04,DEV-USR-5555,2026-04-05T06:15:00.000Z,Best merchant sales income,2026-04-05T06:15:00.000Z,0,Kathmandu,27.7007,85.3001
TXN-55500057,TXN-55500057,USR-00080,USR-5555,11182,QR_PAYMENT,SUCCESS,QR,0.05,DEV-USR-5555,2026-04-04T06:15:00.000Z,Best merchant sales income,2026-04-04T06:15:00.000Z,0,Kathmandu,27.7007,85.3001
TXN-55500058,TXN-55500058,USR-00078,USR-5555,10966,QR_PAYMENT,SUCCESS,QR,0.06,DEV-USR-5555,2026-04-03T06:15:00.000Z,Best merchant sales income,2026-04-03T06:15:00.000Z,0,Kathmandu,27.7007,85.3001
TXN-55500059,TXN-55500059,USR-00064,USR-5555,9633,QR_PAYMENT,SUCCESS,QR,0.06,DEV-USR-5555,2026-04-02T06:15:00.000Z,Best merchant sales income,2026-04-02T06:15:00.000Z,0,Kathmandu,27.7007,85.3001
TXN-55500060,TXN-55500060,USR-00052,USR-5555,14736,QR_PAYMENT,SUCCESS,QR,0.04,DEV-USR-5555,2026-04-01T06:15:00.000Z,Best merchant sales income,2026-04-01T06:15:00.000Z,0,Kathmandu,27.7007,85.3001
TXN-55500061,TXN-55500061,USR-00095,USR-5555,12474,QR_PAYMENT,SUCCESS,QR,0.07,DEV-USR-5555,2026-03-31T06:15:00.000Z,Best merchant sales income,2026-03-31T06:15:00.000Z,0,Kathmandu,27.7007,85.3001
TXN-55500062,TXN-55500062,USR-00077,USR-5555,8093,QR_PAYMENT,SUCCESS,QR,0.08,DEV-USR-5555,2026-03-30T06:15:00.000Z,Best merchant sales income,2026-03-30T06:15:00.000Z,0,Kathmandu,27.7007,85.3001
TXN-55500063,TXN-55500063,USR-00051,USR-5555,12619,QR_PAYMENT,SUCCESS,QR,0.02,DEV-USR-5555,2026-03-29T06:15:00.000Z,Best merchant sales income,2026-03-29T06:15:00.000Z,0,Kathmandu,27.7007,85.3001
TXN-55500064,TXN-55500064,USR-00091,USR-5555,10164,QR_PAYMENT,SUCCESS,QR,0.03,DEV-USR-5555,2026-03-28T06:15:00.000Z,Best merchant sales income,2026-03-28T06:15:00.000Z,0,Kathmandu,27.7007,85.3001
TXN-55500065,TXN-55500065,USR-00053,USR-5555,14392,QR_PAYMENT,SUCCESS,QR,0.03,DEV-USR-5555,2026-03-27T06:15:00.000Z,Best merchant sales income,2026-03-27T06:15:00.000Z,0,Kathmandu,27.7007,85.3001
TXN-55500066,TXN-55500066,USR-00067,USR-5555,12407,QR_PAYMENT,SUCCESS,QR,0.04,DEV-USR-5555,2026-03-26T06:15:00.000Z,Best merchant sales income,2026-03-26T06:15:00.000Z,0,Kathmandu,27.7007,85.3001
TXN-55500067,TXN-55500067,USR-00078,USR-5555,14438,QR_PAYMENT,SUCCESS,QR,0.06,DEV-USR-5555,2026-03-25T06:15:00.000Z,Best merchant sales income,2026-03-25T06:15:00.000Z,0,Kathmandu,27.7007,85.3001
TXN-55500068,TXN-55500068,USR-00074,USR-5555,11112,QR_PAYMENT,SUCCESS,QR,0.02,DEV-USR-5555,2026-03-24T06:15:00.000Z,Best merchant sales income,2026-03-24T06:15:00.000Z,0,Kathmandu,27.7007,85.3001
TXN-55500069,TXN-55500069,USR-00064,USR-5555,9353,QR_PAYMENT,SUCCESS,QR,0.08,DEV-USR-5555,2026-03-23T06:15:00.000Z,Best merchant sales income,2026-03-23T06:15:00.000Z,0,Kathmandu,27.7007,85.3001
TXN-55500070,TXN-55500070,USR-00069,USR-5555,11383,QR_PAYMENT,SUCCESS,QR,0.04,DEV-USR-5555,2026-03-22T06:15:00.000Z,Best merchant sales income,2026-03-22T06:15:00.000Z,0,Kathmandu,27.7007,85.3001
TXN-55500071,TXN-55500071,USR-00074,USR-5555,14341,QR_PAYMENT,SUCCESS,QR,0.03,DEV-USR-5555,2026-03-21T06:15:00.000Z,Best merchant sales income,2026-03-21T06:15:00.000Z,0,Kathmandu,27.7007,85.3001
TXN-55500072,TXN-55500072,USR-00074,USR-5555,11169,QR_PAYMENT,SUCCESS,QR,0.05,DEV-USR-5555,2026-03-20T06:15:00.000Z,Best merchant sales income,2026-03-20T06:15:00.000Z,0,Kathmandu,27.7007,85.3001
TXN-55500073,TXN-55500073,USR-00078,USR-5555,11556,QR_PAYMENT,SUCCESS,QR,0.07,DEV-USR-5555,2026-03-19T06:15:00.000Z,Best merchant sales income,2026-03-19T06:15:00.000Z,0,Kathmandu,27.7007,85.3001
TXN-55500074,TXN-55500074,USR-00077,USR-5555,13664,QR_PAYMENT,SUCCESS,QR,0.06,DEV-USR-5555,2026-03-18T06:15:00.000Z,Best merchant sales income,2026-03-18T06:15:00.000Z,0,Kathmandu,27.7007,85.3001
TXN-55500075,TXN-55500075,USR-00062,USR-5555,12477,QR_PAYMENT,SUCCESS,QR,0.02,DEV-USR-5555,2026-03-17T06:15:00.000Z,Best merchant sales income,2026-03-17T06:15:00.000Z,0,Kathmandu,27.7007,85.3001
TXN-55500076,TXN-55500076,USR-00089,USR-5555,11635,QR_PAYMENT,SUCCESS,QR,0.04,DEV-USR-5555,2026-03-16T06:15:00.000Z,Best merchant sales income,2026-03-16T06:15:00.000Z,0,Kathmandu,27.7007,85.3001
TXN-55500077,TXN-55500077,USR-00077,USR-5555,8612,QR_PAYMENT,SUCCESS,QR,0.03,DEV-USR-5555,2026-03-15T06:15:00.000Z,Best merchant sales income,2026-03-15T06:15:00.000Z,0,Kathmandu,27.7007,85.3001
TXN-55500078,TXN-55500078,USR-00066,USR-5555,9546,QR_PAYMENT,SUCCESS,QR,0.07,DEV-USR-5555,2026-03-14T06:15:00.000Z,Best merchant sales income,2026-03-14T06:15:00.000Z,0,Kathmandu,27.7007,85.3001
TXN-55500079,TXN-55500079,USR-00062,USR-5555,8810,QR_PAYMENT,SUCCESS,QR,0.08,DEV-USR-5555,2026-03-13T06:15:00.000Z,Best merchant sales income,2026-03-13T06:15:00.000Z,0,Kathmandu,27.7007,85.3001
TXN-55500080,TXN-55500080,USR-00074,USR-5555,11932,QR_PAYMENT,SUCCESS,QR,0.08,DEV-USR-5555,2026-03-12T06:15:00.000Z,Best merchant sales income,2026-03-12T06:15:00.000Z,0,Kathmandu,27.7007,85.3001
TXN-55500081,TXN-55500081,USR-00068,USR-5555,11222,QR_PAYMENT,SUCCESS,QR,0.07,DEV-USR-5555,2026-03-11T06:15:00.000Z,Best merchant sales income,2026-03-11T06:15:00.000Z,0,Kathmandu,27.7007,85.3001
TXN-55500082,TXN-55500082,USR-00090,USR-5555,9339,QR_PAYMENT,SUCCESS,QR,0.05,DEV-USR-5555,2026-03-10T06:15:00.000Z,Best merchant sales income,2026-03-10T06:15:00.000Z,0,Kathmandu,27.7007,85.3001
TXN-55500083,TXN-55500083,USR-00051,USR-5555,11845,QR_PAYMENT,SUCCESS,QR,0.04,DEV-USR-5555,2026-03-09T06:15:00.000Z,Best merchant sales income,2026-03-09T06:15:00.000Z,0,Kathmandu,27.7007,85.3001
TXN-55500084,TXN-55500084,USR-00090,USR-5555,9682,QR_PAYMENT,SUCCESS,QR,0.03,DEV-USR-5555,2026-03-08T06:15:00.000Z,Best merchant sales income,2026-03-08T06:15:00.000Z,0,Kathmandu,27.7007,85.3001
TXN-55500085,TXN-55500085,USR-00068,USR-5555,9972,QR_PAYMENT,SUCCESS,QR,0.03,DEV-USR-5555,2026-03-07T06:15:00.000Z,Best merchant sales income,2026-03-07T06:15:00.000Z,0,Kathmandu,27.7007,85.3001
TXN-55500086,TXN-55500086,USR-00054,USR-5555,14011,QR_PAYMENT,SUCCESS,QR,0.04,DEV-USR-5555,2026-03-06T06:15:00.000Z,Best merchant sales income,2026-03-06T06:15:00.000Z,0,Kathmandu,27.7007,85.3001
TXN-55500087,TXN-55500087,USR-00056,USR-5555,14175,QR_PAYMENT,SUCCESS,QR,0.05,DEV-USR-5555,2026-03-05T06:15:00.000Z,Best merchant sales income,2026-03-05T06:15:00.000Z,0,Kathmandu,27.7007,85.3001
TXN-55500088,TXN-55500088,USR-00085,USR-5555,12750,QR_PAYMENT,SUCCESS,QR,0.07,DEV-USR-5555,2026-03-04T06:15:00.000Z,Best merchant sales income,2026-03-04T06:15:00.000Z,0,Kathmandu,27.7007,85.3001
TXN-55500089,TXN-55500089,USR-00093,USR-5555,11486,QR_PAYMENT,SUCCESS,QR,0.07,DEV-USR-5555,2026-03-03T06:15:00.000Z,Best merchant sales income,2026-03-03T06:15:00.000Z,0,Kathmandu,27.7007,85.3001
TXN-55500090,TXN-55500090,USR-00058,USR-5555,12104,QR_PAYMENT,SUCCESS,QR,0.04,DEV-USR-5555,2026-03-02T06:15:00.000Z,Best merchant sales income,2026-03-02T06:15:00.000Z,0,Kathmandu,27.7007,85.3001
TXN-55500091,TXN-55500091,USR-00098,USR-5555,12693,QR_PAYMENT,SUCCESS,QR,0.06,DEV-USR-5555,2026-03-01T06:15:00.000Z,Best merchant sales income,2026-03-01T06:15:00.000Z,0,Kathmandu,27.7007,85.3001
TXN-55500092,TXN-55500092,USR-00095,USR-5555,13045,QR_PAYMENT,SUCCESS,QR,0.07,DEV-USR-5555,2026-02-28T06:15:00.000Z,Best merchant sales income,2026-02-28T06:15:00.000Z,0,Kathmandu,27.7007,85.3001
TXN-55500093,TXN-55500093,USR-00085,USR-5555,14776,QR_PAYMENT,SUCCESS,QR,0.02,DEV-USR-5555,2026-02-27T06:15:00.000Z,Best merchant sales income,2026-02-27T06:15:00.000Z,0,Kathmandu,27.7007,85.3001
TXN-55500094,TXN-55500094,USR-00069,USR-5555,11951,QR_PAYMENT,SUCCESS,QR,0.02,DEV-USR-5555,2026-02-26T06:15:00.000Z,Best merchant sales income,2026-02-26T06:15:00.000Z,0,Kathmandu,27.7007,85.3001
TXN-55500095,TXN-55500095,USR-00072,USR-5555,8820,QR_PAYMENT,SUCCESS,QR,0.03,DEV-USR-5555,2026-02-25T06:15:00.000Z,Best merchant sales income,2026-02-25T06:15:00.000Z,0,Kathmandu,27.7007,85.3001
TXN-55500096,TXN-55500096,USR-00071,USR-5555,14843,QR_PAYMENT,SUCCESS,QR,0.07,DEV-USR-5555,2026-02-24T06:15:00.000Z,Best merchant sales income,2026-02-24T06:15:00.000Z,0,Kathmandu,27.7007,85.3001
TXN-55500097,TXN-55500097,USR-00060,USR-5555,8813,QR_PAYMENT,SUCCESS,QR,0.07,DEV-USR-5555,2026-02-23T06:15:00.000Z,Best merchant sales income,2026-02-23T06:15:00.000Z,0,Kathmandu,27.7007,85.3001
TXN-55500098,TXN-55500098,USR-00094,USR-5555,9176,QR_PAYMENT,SUCCESS,QR,0.08,DEV-USR-5555,2026-02-22T06:15:00.000Z,Best merchant sales income,2026-02-22T06:15:00.000Z,0,Kathmandu,27.7007,85.3001
TXN-55500099,TXN-55500099,USR-00095,USR-5555,13151,QR_PAYMENT,SUCCESS,QR,0.07,DEV-USR-5555,2026-02-21T06:15:00.000Z,Best merchant sales income,2026-02-21T06:15:00.000Z,0,Kathmandu,27.7007,85.3001
TXN-55500100,TXN-55500100,USR-00052,USR-5555,12517,QR_PAYMENT,SUCCESS,QR,0.08,DEV-USR-5555,2026-02-20T06:15:00.000Z,Best merchant sales income,2026-02-20T06:15:00.000Z,0,Kathmandu,27.7007,85.3001
TXN-55500101,TXN-55500101,USR-00081,USR-5555,9436,QR_PAYMENT,SUCCESS,QR,0.02,DEV-USR-5555,2026-02-19T06:15:00.000Z,Best merchant sales income,2026-02-19T06:15:00.000Z,0,Kathmandu,27.7007,85.3001
TXN-55500102,TXN-55500102,USR-00067,USR-5555,11654,QR_PAYMENT,SUCCESS,QR,0.06,DEV-USR-5555,2026-02-18T06:15:00.000Z,Best merchant sales income,2026-02-18T06:15:00.000Z,0,Kathmandu,27.7007,85.3001
TXN-55500103,TXN-55500103,USR-00083,USR-5555,10792,QR_PAYMENT,SUCCESS,QR,0.02,DEV-USR-5555,2026-02-17T06:15:00.000Z,Best merchant sales income,2026-02-17T06:15:00.000Z,0,Kathmandu,27.7007,85.3001
TXN-55500104,TXN-55500104,USR-00053,USR-5555,10095,QR_PAYMENT,SUCCESS,QR,0.02,DEV-USR-5555,2026-02-16T06:15:00.000Z,Best merchant sales income,2026-02-16T06:15:00.000Z,0,Kathmandu,27.7007,85.3001
TXN-55500105,TXN-55500105,USR-00054,USR-5555,10883,QR_PAYMENT,SUCCESS,QR,0.02,DEV-USR-5555,2026-02-15T06:15:00.000Z,Best merchant sales income,2026-02-15T06:15:00.000Z,0,Kathmandu,27.7007,85.3001
TXN-55500106,TXN-55500106,USR-00097,USR-5555,8004,QR_PAYMENT,SUCCESS,QR,0.05,DEV-USR-5555,2026-02-14T06:15:00.000Z,Best merchant sales income,2026-02-14T06:15:00.000Z,0,Kathmandu,27.7007,85.3001
TXN-55500107,TXN-55500107,USR-00065,USR-5555,8364,QR_PAYMENT,SUCCESS,QR,0.04,DEV-USR-5555,2026-02-13T06:15:00.000Z,Best merchant sales income,2026-02-13T06:15:00.000Z,0,Kathmandu,27.7007,85.3001
TXN-55500108,TXN-55500108,USR-00097,USR-5555,8122,QR_PAYMENT,SUCCESS,QR,0.07,DEV-USR-5555,2026-02-12T06:15:00.000Z,Best merchant sales income,2026-02-12T06:15:00.000Z,0,Kathmandu,27.7007,85.3001
TXN-55500109,TXN-55500109,USR-00089,USR-5555,13838,QR_PAYMENT,SUCCESS,QR,0.08,DEV-USR-5555,2026-02-11T06:15:00.000Z,Best merchant sales income,2026-02-11T06:15:00.000Z,0,Kathmandu,27.7007,85.3001
TXN-55500110,TXN-55500110,USR-00069,USR-5555,11429,QR_PAYMENT,SUCCESS,QR,0.05,DEV-USR-5555,2026-02-10T06:15:00.000Z,Best merchant sales income,2026-02-10T06:15:00.000Z,0,Kathmandu,27.7007,85.3001
TXN-55500111,TXN-55500111,USR-00096,USR-5555,9025,QR_PAYMENT,SUCCESS,QR,0.02,DEV-USR-5555,2026-02-09T06:15:00.000Z,Best merchant sales income,2026-02-09T06:15:00.000Z,0,Kathmandu,27.7007,85.3001
TXN-55500112,TXN-55500112,USR-00078,USR-5555,13397,QR_PAYMENT,SUCCESS,QR,0.02,DEV-USR-5555,2026-02-08T06:15:00.000Z,Best merchant sales income,2026-02-08T06:15:00.000Z,0,Kathmandu,27.7007,85.3001
TXN-55500113,TXN-55500113,USR-00059,USR-5555,12970,QR_PAYMENT,SUCCESS,QR,0.06,DEV-USR-5555,2026-02-07T06:15:00.000Z,Best merchant sales income,2026-02-07T06:15:00.000Z,0,Kathmandu,27.7007,85.3001
TXN-55500114,TXN-55500114,USR-00074,USR-5555,14097,QR_PAYMENT,SUCCESS,QR,0.05,DEV-USR-5555,2026-02-06T06:15:00.000Z,Best merchant sales income,2026-02-06T06:15:00.000Z,0,Kathmandu,27.7007,85.3001
TXN-55500115,TXN-55500115,USR-00068,USR-5555,9173,QR_PAYMENT,SUCCESS,QR,0.02,DEV-USR-5555,2026-02-05T06:15:00.000Z,Best merchant sales income,2026-02-05T06:15:00.000Z,0,Kathmandu,27.7007,85.3001
TXN-55500116,TXN-55500116,USR-00091,USR-5555,10448,QR_PAYMENT,SUCCESS,QR,0.08,DEV-USR-5555,2026-02-04T06:15:00.000Z,Best merchant sales income,2026-02-04T06:15:00.000Z,0,Kathmandu,27.7007,85.3001
TXN-55500117,TXN-55500117,USR-00089,USR-5555,9777,QR_PAYMENT,SUCCESS,QR,0.02,DEV-USR-5555,2026-02-03T06:15:00.000Z,Best merchant sales income,2026-02-03T06:15:00.000Z,0,Kathmandu,27.7007,85.3001
TXN-55500118,TXN-55500118,USR-00091,USR-5555,13835,QR_PAYMENT,SUCCESS,QR,0.05,DEV-USR-5555,2026-02-02T06:15:00.000Z,Best merchant sales income,2026-02-02T06:15:00.000Z,0,Kathmandu,27.7007,85.3001
TXN-55500119,TXN-55500119,USR-00071,USR-5555,8534,QR_PAYMENT,SUCCESS,QR,0.07,DEV-USR-5555,2026-02-01T06:15:00.000Z,Best merchant sales income,2026-02-01T06:15:00.000Z,0,Kathmandu,27.7007,85.3001
TXN-55500120,TXN-55500120,USR-00081,USR-5555,13814,QR_PAYMENT,SUCCESS,QR,0.03,DEV-USR-5555,2026-01-31T06:15:00.000Z,Best merchant sales income,2026-01-31T06:15:00.000Z,0,Kathmandu,27.7007,85.3001
TXN-55500121,TXN-55500121,USR-00058,USR-5555,13323,QR_PAYMENT,SUCCESS,QR,0.04,DEV-USR-5555,2026-01-30T06:15:00.000Z,Best merchant sales income,2026-01-30T06:15:00.000Z,0,Kathmandu,27.7007,85.3001
TXN-55500122,TXN-55500122,USR-00082,USR-5555,10926,QR_PAYMENT,SUCCESS,QR,0.06,DEV-USR-5555,2026-01-29T06:15:00.000Z,Best merchant sales income,2026-01-29T06:15:00.000Z,0,Kathmandu,27.7007,85.3001
TXN-55500123,TXN-55500123,USR-00099,USR-5555,12079,QR_PAYMENT,SUCCESS,QR,0.05,DEV-USR-5555,2026-01-28T06:15:00.000Z,Best merchant sales income,2026-01-28T06:15:00.000Z,0,Kathmandu,27.7007,85.3001
TXN-55500124,TXN-55500124,USR-00089,USR-5555,13654,QR_PAYMENT,SUCCESS,QR,0.03,DEV-USR-5555,2026-01-27T06:15:00.000Z,Best merchant sales income,2026-01-27T06:15:00.000Z,0,Kathmandu,27.7007,85.3001
TXN-55500125,TXN-55500125,USR-00080,USR-5555,13979,QR_PAYMENT,SUCCESS,QR,0.06,DEV-USR-5555,2026-01-26T06:15:00.000Z,Best merchant sales income,2026-01-26T06:15:00.000Z,0,Kathmandu,27.7007,85.3001
TXN-55500126,TXN-55500126,USR-00090,USR-5555,14259,QR_PAYMENT,SUCCESS,QR,0.03,DEV-USR-5555,2026-01-25T06:15:00.000Z,Best merchant sales income,2026-01-25T06:15:00.000Z,0,Kathmandu,27.7007,85.3001
TXN-55500127,TXN-55500127,USR-00056,USR-5555,11099,QR_PAYMENT,SUCCESS,QR,0.05,DEV-USR-5555,2026-01-24T06:15:00.000Z,Best merchant sales income,2026-01-24T06:15:00.000Z,0,Kathmandu,27.7007,85.3001
TXN-55500128,TXN-55500128,USR-00052,USR-5555,9806,QR_PAYMENT,SUCCESS,QR,0.07,DEV-USR-5555,2026-01-23T06:15:00.000Z,Best merchant sales income,2026-01-23T06:15:00.000Z,0,Kathmandu,27.7007,85.3001
TXN-55500129,TXN-55500129,USR-00091,USR-5555,14698,QR_PAYMENT,SUCCESS,QR,0.08,DEV-USR-5555,2026-01-22T06:15:00.000Z,Best merchant sales income,2026-01-22T06:15:00.000Z,0,Kathmandu,27.7007,85.3001
TXN-55500130,TXN-55500130,USR-00084,USR-5555,12973,QR_PAYMENT,SUCCESS,QR,0.03,DEV-USR-5555,2026-01-21T06:15:00.000Z,Best merchant sales income,2026-01-21T06:15:00.000Z,0,Kathmandu,27.7007,85.3001
TXN-55500131,TXN-55500131,USR-00055,USR-5555,13274,QR_PAYMENT,SUCCESS,QR,0.04,DEV-USR-5555,2026-01-20T06:15:00.000Z,Best merchant sales income,2026-01-20T06:15:00.000Z,0,Kathmandu,27.7007,85.3001
TXN-55500132,TXN-55500132,USR-00054,USR-5555,11454,QR_PAYMENT,SUCCESS,QR,0.08,DEV-USR-5555,2026-01-19T06:15:00.000Z,Best merchant sales income,2026-01-19T06:15:00.000Z,0,Kathmandu,27.7007,85.3001
TXN-55500133,TXN-55500133,USR-00094,USR-5555,8924,QR_PAYMENT,SUCCESS,QR,0.04,DEV-USR-5555,2026-01-18T06:15:00.000Z,Best merchant sales income,2026-01-18T06:15:00.000Z,0,Kathmandu,27.7007,85.3001
TXN-55500134,TXN-55500134,USR-00064,USR-5555,11425,QR_PAYMENT,SUCCESS,QR,0.05,DEV-USR-5555,2026-01-17T06:15:00.000Z,Best merchant sales income,2026-01-17T06:15:00.000Z,0,Kathmandu,27.7007,85.3001
TXN-55500135,TXN-55500135,USR-00081,USR-5555,13516,QR_PAYMENT,SUCCESS,QR,0.04,DEV-USR-5555,2026-01-16T06:15:00.000Z,Best merchant sales income,2026-01-16T06:15:00.000Z,0,Kathmandu,27.7007,85.3001
TXN-55500136,TXN-55500136,USR-00057,USR-5555,10001,QR_PAYMENT,SUCCESS,QR,0.06,DEV-USR-5555,2026-01-15T06:15:00.000Z,Best merchant sales income,2026-01-15T06:15:00.000Z,0,Kathmandu,27.7007,85.3001
TXN-55500137,TXN-55500137,USR-00067,USR-5555,13400,QR_PAYMENT,SUCCESS,QR,0.02,DEV-USR-5555,2026-01-14T06:15:00.000Z,Best merchant sales income,2026-01-14T06:15:00.000Z,0,Kathmandu,27.7007,85.3001
TXN-55500138,TXN-55500138,USR-00058,USR-5555,8719,QR_PAYMENT,SUCCESS,QR,0.07,DEV-USR-5555,2026-01-13T06:15:00.000Z,Best merchant sales income,2026-01-13T06:15:00.000Z,0,Kathmandu,27.7007,85.3001
TXN-55500139,TXN-55500139,USR-00071,USR-5555,10650,QR_PAYMENT,SUCCESS,QR,0.08,DEV-USR-5555,2026-01-12T06:15:00.000Z,Best merchant sales income,2026-01-12T06:15:00.000Z,0,Kathmandu,27.7007,85.3001
TXN-55500140,TXN-55500140,USR-00055,USR-5555,13505,QR_PAYMENT,SUCCESS,QR,0.05,DEV-USR-5555,2026-01-11T06:15:00.000Z,Best merchant sales income,2026-01-11T06:15:00.000Z,0,Kathmandu,27.7007,85.3001
TXN-55500141,TXN-55500141,USR-00072,USR-5555,10219,QR_PAYMENT,SUCCESS,QR,0.06,DEV-USR-5555,2026-01-10T06:15:00.000Z,Best merchant sales income,2026-01-10T06:15:00.000Z,0,Kathmandu,27.7007,85.3001
TXN-55500142,TXN-55500142,USR-00092,USR-5555,12781,QR_PAYMENT,SUCCESS,QR,0.07,DEV-USR-5555,2026-01-09T06:15:00.000Z,Best merchant sales income,2026-01-09T06:15:00.000Z,0,Kathmandu,27.7007,85.3001
TXN-55500143,TXN-55500143,USR-00099,USR-5555,9391,QR_PAYMENT,SUCCESS,QR,0.08,DEV-USR-5555,2026-01-08T06:15:00.000Z,Best merchant sales income,2026-01-08T06:15:00.000Z,0,Kathmandu,27.7007,85.3001
TXN-55500144,TXN-55500144,USR-00055,USR-5555,12122,QR_PAYMENT,SUCCESS,QR,0.04,DEV-USR-5555,2026-01-07T06:15:00.000Z,Best merchant sales income,2026-01-07T06:15:00.000Z,0,Kathmandu,27.7007,85.3001
TXN-55500145,TXN-55500145,USR-00099,USR-5555,8113,QR_PAYMENT,SUCCESS,QR,0.05,DEV-USR-5555,2026-01-06T06:15:00.000Z,Best merchant sales income,2026-01-06T06:15:00.000Z,0,Kathmandu,27.7007,85.3001
TXN-55500146,TXN-55500146,USR-00076,USR-5555,9936,QR_PAYMENT,SUCCESS,QR,0.05,DEV-USR-5555,2026-01-05T06:15:00.000Z,Best merchant sales income,2026-01-05T06:15:00.000Z,0,Kathmandu,27.7007,85.3001
TXN-55500147,TXN-55500147,USR-00074,USR-5555,8638,QR_PAYMENT,SUCCESS,QR,0.06,DEV-USR-5555,2026-01-04T06:15:00.000Z,Best merchant sales income,2026-01-04T06:15:00.000Z,0,Kathmandu,27.7007,85.3001
TXN-55500148,TXN-55500148,USR-00098,USR-5555,11385,QR_PAYMENT,SUCCESS,QR,0.05,DEV-USR-5555,2026-01-03T06:15:00.000Z,Best merchant sales income,2026-01-03T06:15:00.000Z,0,Kathmandu,27.7007,85.3001
TXN-55500149,TXN-55500149,USR-00067,USR-5555,8540,QR_PAYMENT,SUCCESS,QR,0.03,DEV-USR-5555,2026-01-02T06:15:00.000Z,Best merchant sales income,2026-01-02T06:15:00.000Z,0,Kathmandu,27.7007,85.3001
TXN-55500150,TXN-55500150,USR-00074,USR-5555,12467,QR_PAYMENT,SUCCESS,QR,0.05,DEV-USR-5555,2026-01-01T06:15:00.000Z,Best merchant sales income,2026-01-01T06:15:00.000Z,0,Kathmandu,27.7007,85.3001
TXN-55500151,TXN-55500151,USR-00081,USR-5555,13420,QR_PAYMENT,SUCCESS,QR,0.06,DEV-USR-5555,2025-12-31T06:15:00.000Z,Best merchant sales income,2025-12-31T06:15:00.000Z,0,Kathmandu,27.7007,85.3001
TXN-55500152,TXN-55500152,USR-00090,USR-5555,9904,QR_PAYMENT,SUCCESS,QR,0.05,DEV-USR-5555,2025-12-30T06:15:00.000Z,Best merchant sales income,2025-12-30T06:15:00.000Z,0,Kathmandu,27.7007,85.3001
TXN-55500153,TXN-55500153,USR-00084,USR-5555,8592,QR_PAYMENT,SUCCESS,QR,0.02,DEV-USR-5555,2025-12-29T06:15:00.000Z,Best merchant sales income,2025-12-29T06:15:00.000Z,0,Kathmandu,27.7007,85.3001
TXN-55500154,TXN-55500154,USR-00070,USR-5555,12783,QR_PAYMENT,SUCCESS,QR,0.03,DEV-USR-5555,2025-12-28T06:15:00.000Z,Best merchant sales income,2025-12-28T06:15:00.000Z,0,Kathmandu,27.7007,85.3001
TXN-55500155,TXN-55500155,USR-00059,USR-5555,9816,QR_PAYMENT,SUCCESS,QR,0.08,DEV-USR-5555,2025-12-27T06:15:00.000Z,Best merchant sales income,2025-12-27T06:15:00.000Z,0,Kathmandu,27.7007,85.3001
TXN-55500156,TXN-55500156,USR-00067,USR-5555,13333,QR_PAYMENT,SUCCESS,QR,0.03,DEV-USR-5555,2025-12-26T06:15:00.000Z,Best merchant sales income,2025-12-26T06:15:00.000Z,0,Kathmandu,27.7007,85.3001
TXN-55500157,TXN-55500157,USR-00060,USR-5555,12212,QR_PAYMENT,SUCCESS,QR,0.02,DEV-USR-5555,2025-12-25T06:15:00.000Z,Best merchant sales income,2025-12-25T06:15:00.000Z,0,Kathmandu,27.7007,85.3001
TXN-55500158,TXN-55500158,USR-00058,USR-5555,9956,QR_PAYMENT,SUCCESS,QR,0.06,DEV-USR-5555,2025-12-24T06:15:00.000Z,Best merchant sales income,2025-12-24T06:15:00.000Z,0,Kathmandu,27.7007,85.3001
TXN-55500159,TXN-55500159,USR-00090,USR-5555,10340,QR_PAYMENT,SUCCESS,QR,0.05,DEV-USR-5555,2025-12-23T06:15:00.000Z,Best merchant sales income,2025-12-23T06:15:00.000Z,0,Kathmandu,27.7007,85.3001
TXN-55500160,TXN-55500160,USR-00096,USR-5555,8685,QR_PAYMENT,SUCCESS,QR,0.06,DEV-USR-5555,2025-12-22T06:15:00.000Z,Best merchant sales income,2025-12-22T06:15:00.000Z,0,Kathmandu,27.7007,85.3001
TXN-55500161,TXN-55500161,USR-00069,USR-5555,14615,QR_PAYMENT,SUCCESS,QR,0.06,DEV-USR-5555,2025-12-21T06:15:00.000Z,Best merchant sales income,2025-12-21T06:15:00.000Z,0,Kathmandu,27.7007,85.3001
TXN-55500162,TXN-55500162,USR-00078,USR-5555,10429,QR_PAYMENT,SUCCESS,QR,0.05,DEV-USR-5555,2025-12-20T06:15:00.000Z,Best merchant sales income,2025-12-20T06:15:00.000Z,0,Kathmandu,27.7007,85.3001
TXN-55500163,TXN-55500163,USR-00069,USR-5555,8638,QR_PAYMENT,SUCCESS,QR,0.08,DEV-USR-5555,2025-12-19T06:15:00.000Z,Best merchant sales income,2025-12-19T06:15:00.000Z,0,Kathmandu,27.7007,85.3001
TXN-55500164,TXN-55500164,USR-00097,USR-5555,14821,QR_PAYMENT,SUCCESS,QR,0.04,DEV-USR-5555,2025-12-18T06:15:00.000Z,Best merchant sales income,2025-12-18T06:15:00.000Z,0,Kathmandu,27.7007,85.3001
TXN-55500165,TXN-55500165,USR-00056,USR-5555,9049,QR_PAYMENT,SUCCESS,QR,0.08,DEV-USR-5555,2025-12-17T06:15:00.000Z,Best merchant sales income,2025-12-17T06:15:00.000Z,0,Kathmandu,27.7007,85.3001
TXN-55500166,TXN-55500166,USR-00064,USR-5555,9842,QR_PAYMENT,SUCCESS,QR,0.07,DEV-USR-5555,2025-12-16T06:15:00.000Z,Best merchant sales income,2025-12-16T06:15:00.000Z,0,Kathmandu,27.7007,85.3001
TXN-55500167,TXN-55500167,USR-00086,USR-5555,10987,QR_PAYMENT,SUCCESS,QR,0.05,DEV-USR-5555,2025-12-15T06:15:00.000Z,Best merchant sales income,2025-12-15T06:15:00.000Z,0,Kathmandu,27.7007,85.3001
TXN-55500168,TXN-55500168,USR-00067,USR-5555,14229,QR_PAYMENT,SUCCESS,QR,0.02,DEV-USR-5555,2025-12-14T06:15:00.000Z,Best merchant sales income,2025-12-14T06:15:00.000Z,0,Kathmandu,27.7007,85.3001
TXN-55500169,TXN-55500169,USR-00078,USR-5555,12353,QR_PAYMENT,SUCCESS,QR,0.06,DEV-USR-5555,2025-12-13T06:15:00.000Z,Best merchant sales income,2025-12-13T06:15:00.000Z,0,Kathmandu,27.7007,85.3001
TXN-55500170,TXN-55500170,USR-00080,USR-5555,11710,QR_PAYMENT,SUCCESS,QR,0.02,DEV-USR-5555,2025-12-12T06:15:00.000Z,Best merchant sales income,2025-12-12T06:15:00.000Z,0,Kathmandu,27.7007,85.3001
TXN-55500171,TXN-55500171,USR-00078,USR-5555,13971,QR_PAYMENT,SUCCESS,QR,0.04,DEV-USR-5555,2025-12-11T06:15:00.000Z,Best merchant sales income,2025-12-11T06:15:00.000Z,0,Kathmandu,27.7007,85.3001
TXN-55500172,TXN-55500172,USR-00078,USR-5555,8861,QR_PAYMENT,SUCCESS,QR,0.07,DEV-USR-5555,2025-12-10T06:15:00.000Z,Best merchant sales income,2025-12-10T06:15:00.000Z,0,Kathmandu,27.7007,85.3001
TXN-55500173,TXN-55500173,USR-00055,USR-5555,12126,QR_PAYMENT,SUCCESS,QR,0.03,DEV-USR-5555,2025-12-09T06:15:00.000Z,Best merchant sales income,2025-12-09T06:15:00.000Z,0,Kathmandu,27.7007,85.3001
TXN-55500174,TXN-55500174,USR-00057,USR-5555,12585,QR_PAYMENT,SUCCESS,QR,0.04,DEV-USR-5555,2025-12-08T06:15:00.000Z,Best merchant sales income,2025-12-08T06:15:00.000Z,0,Kathmandu,27.7007,85.3001
TXN-55500175,TXN-55500175,USR-00100,USR-5555,12043,QR_PAYMENT,SUCCESS,QR,0.06,DEV-USR-5555,2025-12-07T06:15:00.000Z,Best merchant sales income,2025-12-07T06:15:00.000Z,0,Kathmandu,27.7007,85.3001
TXN-55500176,TXN-55500176,USR-00069,USR-5555,12937,QR_PAYMENT,SUCCESS,QR,0.07,DEV-USR-5555,2025-12-06T06:15:00.000Z,Best merchant sales income,2025-12-06T06:15:00.000Z,0,Kathmandu,27.7007,85.3001
TXN-55500177,TXN-55500177,USR-00079,USR-5555,14201,QR_PAYMENT,SUCCESS,QR,0.07,DEV-USR-5555,2025-12-05T06:15:00.000Z,Best merchant sales income,2025-12-05T06:15:00.000Z,0,Kathmandu,27.7007,85.3001
TXN-55500178,TXN-55500178,USR-00092,USR-5555,12100,QR_PAYMENT,SUCCESS,QR,0.05,DEV-USR-5555,2025-12-04T06:15:00.000Z,Best merchant sales income,2025-12-04T06:15:00.000Z,0,Kathmandu,27.7007,85.3001
TXN-55500179,TXN-55500179,USR-00073,USR-5555,10863,QR_PAYMENT,SUCCESS,QR,0.03,DEV-USR-5555,2025-12-03T06:15:00.000Z,Best merchant sales income,2025-12-03T06:15:00.000Z,0,Kathmandu,27.7007,85.3001
TXN-55500180,TXN-55500180,USR-00087,USR-5555,12109,QR_PAYMENT,SUCCESS,QR,0.08,DEV-USR-5555,2025-12-02T06:15:00.000Z,Best merchant sales income,2025-12-02T06:15:00.000Z,0,Kathmandu,27.7007,85.3001
TXN-55500181,TXN-55500181,USR-00092,USR-5555,11229,QR_PAYMENT,SUCCESS,QR,0.07,DEV-USR-5555,2025-12-01T06:15:00.000Z,Best merchant sales income,2025-12-01T06:15:00.000Z,0,Kathmandu,27.7007,85.3001
TXN-55500182,TXN-55500182,USR-00079,USR-5555,9951,QR_PAYMENT,SUCCESS,QR,0.06,DEV-USR-5555,2025-11-30T06:15:00.000Z,Best merchant sales income,2025-11-30T06:15:00.000Z,0,Kathmandu,27.7007,85.3001
TXN-55500183,TXN-55500183,USR-00056,USR-5555,9345,QR_PAYMENT,SUCCESS,QR,0.08,DEV-USR-5555,2025-11-29T06:15:00.000Z,Best merchant sales income,2025-11-29T06:15:00.000Z,0,Kathmandu,27.7007,85.3001
TXN-55500184,TXN-55500184,USR-00089,USR-5555,12536,QR_PAYMENT,SUCCESS,QR,0.03,DEV-USR-5555,2025-11-28T06:15:00.000Z,Best merchant sales income,2025-11-28T06:15:00.000Z,0,Kathmandu,27.7007,85.3001
TXN-55500185,TXN-55500185,USR-00083,USR-5555,13264,QR_PAYMENT,SUCCESS,QR,0.08,DEV-USR-5555,2025-11-27T06:15:00.000Z,Best merchant sales income,2025-11-27T06:15:00.000Z,0,Kathmandu,27.7007,85.3001
TXN-55500186,TXN-55500186,USR-00066,USR-5555,14067,QR_PAYMENT,SUCCESS,QR,0.08,DEV-USR-5555,2025-11-26T06:15:00.000Z,Best merchant sales income,2025-11-26T06:15:00.000Z,0,Kathmandu,27.7007,85.3001
TXN-55500187,TXN-55500187,USR-00077,USR-5555,12916,QR_PAYMENT,SUCCESS,QR,0.03,DEV-USR-5555,2025-11-25T06:15:00.000Z,Best merchant sales income,2025-11-25T06:15:00.000Z,0,Kathmandu,27.7007,85.3001
TXN-55500188,TXN-55500188,USR-00087,USR-5555,13510,QR_PAYMENT,SUCCESS,QR,0.07,DEV-USR-5555,2025-11-24T06:15:00.000Z,Best merchant sales income,2025-11-24T06:15:00.000Z,0,Kathmandu,27.7007,85.3001
TXN-55500189,TXN-55500189,USR-00075,USR-5555,10607,QR_PAYMENT,SUCCESS,QR,0.06,DEV-USR-5555,2025-11-23T06:15:00.000Z,Best merchant sales income,2025-11-23T06:15:00.000Z,0,Kathmandu,27.7007,85.3001
TXN-55500190,TXN-55500190,USR-00075,USR-5555,13315,QR_PAYMENT,SUCCESS,QR,0.07,DEV-USR-5555,2025-11-22T06:15:00.000Z,Best merchant sales income,2025-11-22T06:15:00.000Z,0,Kathmandu,27.7007,85.3001
TXN-55500191,TXN-55500191,USR-00092,USR-5555,12891,QR_PAYMENT,SUCCESS,QR,0.04,DEV-USR-5555,2025-11-21T06:15:00.000Z,Best merchant sales income,2025-11-21T06:15:00.000Z,0,Kathmandu,27.7007,85.3001
TXN-55500192,TXN-55500192,USR-00096,USR-5555,13283,QR_PAYMENT,SUCCESS,QR,0.08,DEV-USR-5555,2025-11-20T06:15:00.000Z,Best merchant sales income,2025-11-20T06:15:00.000Z,0,Kathmandu,27.7007,85.3001
TXN-55500193,TXN-55500193,USR-00097,USR-5555,9346,QR_PAYMENT,SUCCESS,QR,0.05,DEV-USR-5555,2025-11-19T06:15:00.000Z,Best merchant sales income,2025-11-19T06:15:00.000Z,0,Kathmandu,27.7007,85.3001
TXN-55500194,TXN-55500194,USR-00086,USR-5555,8310,QR_PAYMENT,SUCCESS,QR,0.08,DEV-USR-5555,2025-11-18T06:15:00.000Z,Best merchant sales income,2025-11-18T06:15:00.000Z,0,Kathmandu,27.7007,85.3001
TXN-55500195,TXN-55500195,USR-00068,USR-5555,10932,QR_PAYMENT,SUCCESS,QR,0.05,DEV-USR-5555,2025-11-17T06:15:00.000Z,Best merchant sales income,2025-11-17T06:15:00.000Z,0,Kathmandu,27.7007,85.3001
TXN-55500196,TXN-55500196,USR-00078,USR-5555,13887,QR_PAYMENT,SUCCESS,QR,0.07,DEV-USR-5555,2025-11-16T06:15:00.000Z,Best merchant sales income,2025-11-16T06:15:00.000Z,0,Kathmandu,27.7007,85.3001
TXN-55500197,TXN-55500197,USR-00080,USR-5555,14676,QR_PAYMENT,SUCCESS,QR,0.06,DEV-USR-5555,2025-11-15T06:15:00.000Z,Best merchant sales income,2025-11-15T06:15:00.000Z,0,Kathmandu,27.7007,85.3001
TXN-55500198,TXN-55500198,USR-00095,USR-5555,11998,QR_PAYMENT,SUCCESS,QR,0.07,DEV-USR-5555,2025-11-14T06:15:00.000Z,Best merchant sales income,2025-11-14T06:15:00.000Z,0,Kathmandu,27.7007,85.3001
TXN-55500199,TXN-55500199,USR-00080,USR-5555,10583,QR_PAYMENT,SUCCESS,QR,0.02,DEV-USR-5555,2025-11-13T06:15:00.000Z,Best merchant sales income,2025-11-13T06:15:00.000Z,0,Kathmandu,27.7007,85.3001
TXN-55500200,TXN-55500200,USR-00060,USR-5555,13840,QR_PAYMENT,SUCCESS,QR,0.06,DEV-USR-5555,2025-11-12T06:15:00.000Z,Best merchant sales income,2025-11-12T06:15:00.000Z,0,Kathmandu,27.7007,85.3001
TXN-55500201,TXN-55500201,USR-00054,USR-5555,10520,QR_PAYMENT,SUCCESS,QR,0.07,DEV-USR-5555,2025-11-11T06:15:00.000Z,Best merchant sales income,2025-11-11T06:15:00.000Z,0,Kathmandu,27.7007,85.3001
TXN-55500202,TXN-55500202,USR-00080,USR-5555,8257,QR_PAYMENT,SUCCESS,QR,0.07,DEV-USR-5555,2025-11-10T06:15:00.000Z,Best merchant sales income,2025-11-10T06:15:00.000Z,0,Kathmandu,27.7007,85.3001
TXN-55500203,TXN-55500203,USR-00096,USR-5555,14084,QR_PAYMENT,SUCCESS,QR,0.05,DEV-USR-5555,2025-11-09T06:15:00.000Z,Best merchant sales income,2025-11-09T06:15:00.000Z,0,Kathmandu,27.7007,85.3001
TXN-55500204,TXN-55500204,USR-00077,USR-5555,14665,QR_PAYMENT,SUCCESS,QR,0.05,DEV-USR-5555,2025-11-08T06:15:00.000Z,Best merchant sales income,2025-11-08T06:15:00.000Z,0,Kathmandu,27.7007,85.3001
TXN-55500205,TXN-55500205,USR-00082,USR-5555,10683,QR_PAYMENT,SUCCESS,QR,0.03,DEV-USR-5555,2025-11-07T06:15:00.000Z,Best merchant sales income,2025-11-07T06:15:00.000Z,0,Kathmandu,27.7007,85.3001
TXN-55500206,TXN-55500206,USR-00060,USR-5555,14692,QR_PAYMENT,SUCCESS,QR,0.07,DEV-USR-5555,2025-11-06T06:15:00.000Z,Best merchant sales income,2025-11-06T06:15:00.000Z,0,Kathmandu,27.7007,85.3001
TXN-55500207,TXN-55500207,USR-00077,USR-5555,12888,QR_PAYMENT,SUCCESS,QR,0.04,DEV-USR-5555,2025-11-05T06:15:00.000Z,Best merchant sales income,2025-11-05T06:15:00.000Z,0,Kathmandu,27.7007,85.3001
TXN-55500208,TXN-55500208,USR-00082,USR-5555,12781,QR_PAYMENT,SUCCESS,QR,0.05,DEV-USR-5555,2025-11-04T06:15:00.000Z,Best merchant sales income,2025-11-04T06:15:00.000Z,0,Kathmandu,27.7007,85.3001
TXN-55500209,TXN-55500209,USR-00079,USR-5555,8710,QR_PAYMENT,SUCCESS,QR,0.07,DEV-USR-5555,2025-11-03T06:15:00.000Z,Best merchant sales income,2025-11-03T06:15:00.000Z,0,Kathmandu,27.7007,85.3001
TXN-55500210,TXN-55500210,USR-00051,USR-5555,8630,QR_PAYMENT,SUCCESS,QR,0.04,DEV-USR-5555,2025-11-02T06:15:00.000Z,Best merchant sales income,2025-11-02T06:15:00.000Z,0,Kathmandu,27.7007,85.3001
TXN-55500211,TXN-55500211,USR-00082,USR-5555,9908,QR_PAYMENT,SUCCESS,QR,0.05,DEV-USR-5555,2025-11-01T06:15:00.000Z,Best merchant sales income,2025-11-01T06:15:00.000Z,0,Kathmandu,27.7007,85.3001
TXN-55500212,TXN-55500212,USR-00095,USR-5555,12743,QR_PAYMENT,SUCCESS,QR,0.05,DEV-USR-5555,2025-10-31T06:15:00.000Z,Best merchant sales income,2025-10-31T06:15:00.000Z,0,Kathmandu,27.7007,85.3001
TXN-55500213,TXN-55500213,USR-00054,USR-5555,10068,QR_PAYMENT,SUCCESS,QR,0.08,DEV-USR-5555,2025-10-30T06:15:00.000Z,Best merchant sales income,2025-10-30T06:15:00.000Z,0,Kathmandu,27.7007,85.3001
TXN-55500214,TXN-55500214,USR-00067,USR-5555,10214,QR_PAYMENT,SUCCESS,QR,0.03,DEV-USR-5555,2025-10-29T06:15:00.000Z,Best merchant sales income,2025-10-29T06:15:00.000Z,0,Kathmandu,27.7007,85.3001
TXN-55500215,TXN-55500215,USR-00088,USR-5555,9722,QR_PAYMENT,SUCCESS,QR,0.02,DEV-USR-5555,2025-10-28T06:15:00.000Z,Best merchant sales income,2025-10-28T06:15:00.000Z,0,Kathmandu,27.7007,85.3001
TXN-55500216,TXN-55500216,USR-00071,USR-5555,14837,QR_PAYMENT,SUCCESS,QR,0.04,DEV-USR-5555,2025-10-27T06:15:00.000Z,Best merchant sales income,2025-10-27T06:15:00.000Z,0,Kathmandu,27.7007,85.3001
TXN-55500217,TXN-55500217,USR-00070,USR-5555,14568,QR_PAYMENT,SUCCESS,QR,0.03,DEV-USR-5555,2025-10-26T06:15:00.000Z,Best merchant sales income,2025-10-26T06:15:00.000Z,0,Kathmandu,27.7007,85.3001
TXN-55500218,TXN-55500218,USR-00059,USR-5555,14610,QR_PAYMENT,SUCCESS,QR,0.03,DEV-USR-5555,2025-10-25T06:15:00.000Z,Best merchant sales income,2025-10-25T06:15:00.000Z,0,Kathmandu,27.7007,85.3001
TXN-55500219,TXN-55500219,USR-00073,USR-5555,12236,QR_PAYMENT,SUCCESS,QR,0.06,DEV-USR-5555,2025-10-24T06:15:00.000Z,Best merchant sales income,2025-10-24T06:15:00.000Z,0,Kathmandu,27.7007,85.3001
TXN-55500220,TXN-55500220,USR-00100,USR-5555,12749,QR_PAYMENT,SUCCESS,QR,0.08,DEV-USR-5555,2025-10-23T06:15:00.000Z,Best merchant sales income,2025-10-23T06:15:00.000Z,0,Kathmandu,27.7007,85.3001
TXN-55500221,TXN-55500221,USR-00063,USR-5555,10028,QR_PAYMENT,SUCCESS,QR,0.05,DEV-USR-5555,2025-10-22T06:15:00.000Z,Best merchant sales income,2025-10-22T06:15:00.000Z,0,Kathmandu,27.7007,85.3001
TXN-55500222,TXN-55500222,USR-00080,USR-5555,8282,QR_PAYMENT,SUCCESS,QR,0.05,DEV-USR-5555,2025-10-21T06:15:00.000Z,Best merchant sales income,2025-10-21T06:15:00.000Z,0,Kathmandu,27.7007,85.3001
TXN-55500223,TXN-55500223,USR-00093,USR-5555,12138,QR_PAYMENT,SUCCESS,QR,0.05,DEV-USR-5555,2025-10-20T06:15:00.000Z,Best merchant sales income,2025-10-20T06:15:00.000Z,0,Kathmandu,27.7007,85.3001
TXN-55500224,TXN-55500224,USR-00076,USR-5555,11096,QR_PAYMENT,SUCCESS,QR,0.04,DEV-USR-5555,2025-10-19T06:15:00.000Z,Best merchant sales income,2025-10-19T06:15:00.000Z,0,Kathmandu,27.7007,85.3001
TXN-55500225,TXN-55500225,USR-00098,USR-5555,9979,QR_PAYMENT,SUCCESS,QR,0.03,DEV-USR-5555,2025-10-18T06:15:00.000Z,Best merchant sales income,2025-10-18T06:15:00.000Z,0,Kathmandu,27.7007,85.3001
TXN-55500226,TXN-55500226,USR-00079,USR-5555,11905,QR_PAYMENT,SUCCESS,QR,0.05,DEV-USR-5555,2025-10-17T06:15:00.000Z,Best merchant sales income,2025-10-17T06:15:00.000Z,0,Kathmandu,27.7007,85.3001
TXN-55500227,TXN-55500227,USR-00087,USR-5555,11085,QR_PAYMENT,SUCCESS,QR,0.08,DEV-USR-5555,2025-10-16T06:15:00.000Z,Best merchant sales income,2025-10-16T06:15:00.000Z,0,Kathmandu,27.7007,85.3001
TXN-55500228,TXN-55500228,USR-00095,USR-5555,14140,QR_PAYMENT,SUCCESS,QR,0.02,DEV-USR-5555,2025-10-15T06:15:00.000Z,Best merchant sales income,2025-10-15T06:15:00.000Z,0,Kathmandu,27.7007,85.3001
TXN-55500229,TXN-55500229,USR-00070,USR-5555,12611,QR_PAYMENT,SUCCESS,QR,0.03,DEV-USR-5555,2025-10-14T06:15:00.000Z,Best merchant sales income,2025-10-14T06:15:00.000Z,0,Kathmandu,27.7007,85.3001
TXN-55500230,TXN-55500230,USR-00074,USR-5555,14196,QR_PAYMENT,SUCCESS,QR,0.04,DEV-USR-5555,2025-10-13T06:15:00.000Z,Best merchant sales income,2025-10-13T06:15:00.000Z,0,Kathmandu,27.7007,85.3001
TXN-55500231,TXN-55500231,USR-00088,USR-5555,8580,QR_PAYMENT,SUCCESS,QR,0.07,DEV-USR-5555,2025-10-12T06:15:00.000Z,Best merchant sales income,2025-10-12T06:15:00.000Z,0,Kathmandu,27.7007,85.3001
TXN-55500232,TXN-55500232,USR-00078,USR-5555,13306,QR_PAYMENT,SUCCESS,QR,0.06,DEV-USR-5555,2025-10-11T06:15:00.000Z,Best merchant sales income,2025-10-11T06:15:00.000Z,0,Kathmandu,27.7007,85.3001
TXN-55500233,TXN-55500233,USR-00099,USR-5555,13756,QR_PAYMENT,SUCCESS,QR,0.06,DEV-USR-5555,2025-10-10T06:15:00.000Z,Best merchant sales income,2025-10-10T06:15:00.000Z,0,Kathmandu,27.7007,85.3001
TXN-55500234,TXN-55500234,USR-00060,USR-5555,13818,QR_PAYMENT,SUCCESS,QR,0.04,DEV-USR-5555,2025-10-09T06:15:00.000Z,Best merchant sales income,2025-10-09T06:15:00.000Z,0,Kathmandu,27.7007,85.3001
TXN-55500235,TXN-55500235,USR-00070,USR-5555,14125,QR_PAYMENT,SUCCESS,QR,0.03,DEV-USR-5555,2025-10-08T06:15:00.000Z,Best merchant sales income,2025-10-08T06:15:00.000Z,0,Kathmandu,27.7007,85.3001
TXN-55500236,TXN-55500236,USR-00099,USR-5555,11514,QR_PAYMENT,SUCCESS,QR,0.03,DEV-USR-5555,2025-10-07T06:15:00.000Z,Best merchant sales income,2025-10-07T06:15:00.000Z,0,Kathmandu,27.7007,85.3001
TXN-55500237,TXN-55500237,USR-00098,USR-5555,8549,QR_PAYMENT,SUCCESS,QR,0.03,DEV-USR-5555,2025-10-06T06:15:00.000Z,Best merchant sales income,2025-10-06T06:15:00.000Z,0,Kathmandu,27.7007,85.3001
TXN-55500238,TXN-55500238,USR-00085,USR-5555,10234,QR_PAYMENT,SUCCESS,QR,0.03,DEV-USR-5555,2025-10-05T06:15:00.000Z,Best merchant sales income,2025-10-05T06:15:00.000Z,0,Kathmandu,27.7007,85.3001
TXN-55500239,TXN-55500239,USR-00096,USR-5555,11038,QR_PAYMENT,SUCCESS,QR,0.03,DEV-USR-5555,2025-10-04T06:15:00.000Z,Best merchant sales income,2025-10-04T06:15:00.000Z,0,Kathmandu,27.7007,85.3001
TXN-55500240,TXN-55500240,USR-00085,USR-5555,10026,QR_PAYMENT,SUCCESS,QR,0.03,DEV-USR-5555,2025-10-03T06:15:00.000Z,Best merchant sales income,2025-10-03T06:15:00.000Z,0,Kathmandu,27.7007,85.3001
TXN-55500241,TXN-55500241,USR-00078,USR-5555,11279,QR_PAYMENT,SUCCESS,QR,0.04,DEV-USR-5555,2025-10-02T06:15:00.000Z,Best merchant sales income,2025-10-02T06:15:00.000Z,0,Kathmandu,27.7007,85.3001
TXN-55500242,TXN-55500242,USR-00055,USR-5555,13441,QR_PAYMENT,SUCCESS,QR,0.04,DEV-USR-5555,2025-10-01T06:15:00.000Z,Best merchant sales income,2025-10-01T06:15:00.000Z,0,Kathmandu,27.7007,85.3001
TXN-55500243,TXN-55500243,USR-00080,USR-5555,14398,QR_PAYMENT,SUCCESS,QR,0.06,DEV-USR-5555,2025-09-30T06:15:00.000Z,Best merchant sales income,2025-09-30T06:15:00.000Z,0,Kathmandu,27.7007,85.3001
TXN-55500244,TXN-55500244,USR-00068,USR-5555,11827,QR_PAYMENT,SUCCESS,QR,0.03,DEV-USR-5555,2025-09-29T06:15:00.000Z,Best merchant sales income,2025-09-29T06:15:00.000Z,0,Kathmandu,27.7007,85.3001
TXN-55500245,TXN-55500245,USR-00070,USR-5555,11369,QR_PAYMENT,SUCCESS,QR,0.05,DEV-USR-5555,2025-09-28T06:15:00.000Z,Best merchant sales income,2025-09-28T06:15:00.000Z,0,Kathmandu,27.7007,85.3001
TXN-55500246,TXN-55500246,USR-00068,USR-5555,14332,QR_PAYMENT,SUCCESS,QR,0.04,DEV-USR-5555,2025-09-27T06:15:00.000Z,Best merchant sales income,2025-09-27T06:15:00.000Z,0,Kathmandu,27.7007,85.3001
TXN-55500247,TXN-55500247,USR-00057,USR-5555,13465,QR_PAYMENT,SUCCESS,QR,0.06,DEV-USR-5555,2025-09-26T06:15:00.000Z,Best merchant sales income,2025-09-26T06:15:00.000Z,0,Kathmandu,27.7007,85.3001
TXN-55500248,TXN-55500248,USR-00097,USR-5555,11628,QR_PAYMENT,SUCCESS,QR,0.04,DEV-USR-5555,2025-09-25T06:15:00.000Z,Best merchant sales income,2025-09-25T06:15:00.000Z,0,Kathmandu,27.7007,85.3001
TXN-55500249,TXN-55500249,USR-00095,USR-5555,12422,QR_PAYMENT,SUCCESS,QR,0.07,DEV-USR-5555,2025-09-24T06:15:00.000Z,Best merchant sales income,2025-09-24T06:15:00.000Z,0,Kathmandu,27.7007,85.3001
TXN-55500250,TXN-55500250,USR-00070,USR-5555,9615,QR_PAYMENT,SUCCESS,QR,0.06,DEV-USR-5555,2025-09-23T06:15:00.000Z,Best merchant sales income,2025-09-23T06:15:00.000Z,0,Kathmandu,27.7007,85.3001
TXN-55500251,TXN-55500251,USR-00059,USR-5555,11829,QR_PAYMENT,SUCCESS,QR,0.04,DEV-USR-5555,2025-09-22T06:15:00.000Z,Best merchant sales income,2025-09-22T06:15:00.000Z,0,Kathmandu,27.7007,85.3001
TXN-55500252,TXN-55500252,USR-00071,USR-5555,13972,QR_PAYMENT,SUCCESS,QR,0.03,DEV-USR-5555,2025-09-21T06:15:00.000Z,Best merchant sales income,2025-09-21T06:15:00.000Z,0,Kathmandu,27.7007,85.3001
TXN-55500253,TXN-55500253,USR-00077,USR-5555,12779,QR_PAYMENT,SUCCESS,QR,0.07,DEV-USR-5555,2025-09-20T06:15:00.000Z,Best merchant sales income,2025-09-20T06:15:00.000Z,0,Kathmandu,27.7007,85.3001
TXN-55500254,TXN-55500254,USR-00060,USR-5555,12912,QR_PAYMENT,SUCCESS,QR,0.04,DEV-USR-5555,2025-09-19T06:15:00.000Z,Best merchant sales income,2025-09-19T06:15:00.000Z,0,Kathmandu,27.7007,85.3001
TXN-55500255,TXN-55500255,USR-00081,USR-5555,13181,QR_PAYMENT,SUCCESS,QR,0.03,DEV-USR-5555,2025-09-18T06:15:00.000Z,Best merchant sales income,2025-09-18T06:15:00.000Z,0,Kathmandu,27.7007,85.3001
TXN-55500256,TXN-55500256,USR-00061,USR-5555,8159,QR_PAYMENT,SUCCESS,QR,0.06,DEV-USR-5555,2025-09-17T06:15:00.000Z,Best merchant sales income,2025-09-17T06:15:00.000Z,0,Kathmandu,27.7007,85.3001
TXN-55500257,TXN-55500257,USR-00093,USR-5555,8803,QR_PAYMENT,SUCCESS,QR,0.03,DEV-USR-5555,2025-09-16T06:15:00.000Z,Best merchant sales income,2025-09-16T06:15:00.000Z,0,Kathmandu,27.7007,85.3001
TXN-55500258,TXN-55500258,USR-00081,USR-5555,10012,QR_PAYMENT,SUCCESS,QR,0.08,DEV-USR-5555,2025-09-15T06:15:00.000Z,Best merchant sales income,2025-09-15T06:15:00.000Z,0,Kathmandu,27.7007,85.3001
TXN-55500259,TXN-55500259,USR-00100,USR-5555,13775,QR_PAYMENT,SUCCESS,QR,0.05,DEV-USR-5555,2025-09-14T06:15:00.000Z,Best merchant sales income,2025-09-14T06:15:00.000Z,0,Kathmandu,27.7007,85.3001
TXN-55500260,TXN-55500260,USR-00088,USR-5555,11995,QR_PAYMENT,SUCCESS,QR,0.04,DEV-USR-5555,2025-09-13T06:15:00.000Z,Best merchant sales income,2025-09-13T06:15:00.000Z,0,Kathmandu,27.7007,85.3001
TXN-55500261,TXN-55500261,USR-00099,USR-5555,14083,QR_PAYMENT,SUCCESS,QR,0.03,DEV-USR-5555,2025-09-12T06:15:00.000Z,Best merchant sales income,2025-09-12T06:15:00.000Z,0,Kathmandu,27.7007,85.3001
TXN-55500262,TXN-55500262,USR-00091,USR-5555,13329,QR_PAYMENT,SUCCESS,QR,0.05,DEV-USR-5555,2025-09-11T06:15:00.000Z,Best merchant sales income,2025-09-11T06:15:00.000Z,0,Kathmandu,27.7007,85.3001
TXN-55500263,TXN-55500263,USR-00070,USR-5555,13878,QR_PAYMENT,SUCCESS,QR,0.04,DEV-USR-5555,2025-09-10T06:15:00.000Z,Best merchant sales income,2025-09-10T06:15:00.000Z,0,Kathmandu,27.7007,85.3001
TXN-55500264,TXN-55500264,USR-00072,USR-5555,8382,QR_PAYMENT,SUCCESS,QR,0.06,DEV-USR-5555,2025-09-09T06:15:00.000Z,Best merchant sales income,2025-09-09T06:15:00.000Z,0,Kathmandu,27.7007,85.3001
TXN-55500265,TXN-55500265,USR-00077,USR-5555,12818,QR_PAYMENT,SUCCESS,QR,0.04,DEV-USR-5555,2025-09-08T06:15:00.000Z,Best merchant sales income,2025-09-08T06:15:00.000Z,0,Kathmandu,27.7007,85.3001
TXN-55500266,TXN-55500266,USR-00084,USR-5555,13156,QR_PAYMENT,SUCCESS,QR,0.07,DEV-USR-5555,2025-09-07T06:15:00.000Z,Best merchant sales income,2025-09-07T06:15:00.000Z,0,Kathmandu,27.7007,85.3001
TXN-55500267,TXN-55500267,USR-00081,USR-5555,11977,QR_PAYMENT,SUCCESS,QR,0.03,DEV-USR-5555,2025-09-06T06:15:00.000Z,Best merchant sales income,2025-09-06T06:15:00.000Z,0,Kathmandu,27.7007,85.3001
TXN-55500268,TXN-55500268,USR-00088,USR-5555,8291,QR_PAYMENT,SUCCESS,QR,0.06,DEV-USR-5555,2025-09-05T06:15:00.000Z,Best merchant sales income,2025-09-05T06:15:00.000Z,0,Kathmandu,27.7007,85.3001
TXN-55500269,TXN-55500269,USR-00052,USR-5555,13629,QR_PAYMENT,SUCCESS,QR,0.07,DEV-USR-5555,2025-09-04T06:15:00.000Z,Best merchant sales income,2025-09-04T06:15:00.000Z,0,Kathmandu,27.7007,85.3001
TXN-55500270,TXN-55500270,USR-00092,USR-5555,14757,QR_PAYMENT,SUCCESS,QR,0.03,DEV-USR-5555,2025-09-03T06:15:00.000Z,Best merchant sales income,2025-09-03T06:15:00.000Z,0,Kathmandu,27.7007,85.3001
TXN-55500271,TXN-55500271,USR-00065,USR-5555,10706,QR_PAYMENT,SUCCESS,QR,0.02,DEV-USR-5555,2025-09-02T06:15:00.000Z,Best merchant sales income,2025-09-02T06:15:00.000Z,0,Kathmandu,27.7007,85.3001
TXN-55500272,TXN-55500272,USR-00059,USR-5555,8256,QR_PAYMENT,SUCCESS,QR,0.03,DEV-USR-5555,2025-09-01T06:15:00.000Z,Best merchant sales income,2025-09-01T06:15:00.000Z,0,Kathmandu,27.7007,85.3001
TXN-55500273,TXN-55500273,USR-00089,USR-5555,11817,QR_PAYMENT,SUCCESS,QR,0.05,DEV-USR-5555,2025-08-31T06:15:00.000Z,Best merchant sales income,2025-08-31T06:15:00.000Z,0,Kathmandu,27.7007,85.3001
TXN-55500274,TXN-55500274,USR-00099,USR-5555,12409,QR_PAYMENT,SUCCESS,QR,0.07,DEV-USR-5555,2025-08-30T06:15:00.000Z,Best merchant sales income,2025-08-30T06:15:00.000Z,0,Kathmandu,27.7007,85.3001
TXN-55500275,TXN-55500275,USR-00065,USR-5555,8771,QR_PAYMENT,SUCCESS,QR,0.08,DEV-USR-5555,2025-08-29T06:15:00.000Z,Best merchant sales income,2025-08-29T06:15:00.000Z,0,Kathmandu,27.7007,85.3001
TXN-55500276,TXN-55500276,USR-00081,USR-5555,11929,QR_PAYMENT,SUCCESS,QR,0.07,DEV-USR-5555,2025-08-28T06:15:00.000Z,Best merchant sales income,2025-08-28T06:15:00.000Z,0,Kathmandu,27.7007,85.3001
TXN-55500277,TXN-55500277,USR-00085,USR-5555,8052,QR_PAYMENT,SUCCESS,QR,0.03,DEV-USR-5555,2025-08-27T06:15:00.000Z,Best merchant sales income,2025-08-27T06:15:00.000Z,0,Kathmandu,27.7007,85.3001
TXN-55500278,TXN-55500278,USR-00068,USR-5555,11274,QR_PAYMENT,SUCCESS,QR,0.06,DEV-USR-5555,2025-08-26T06:15:00.000Z,Best merchant sales income,2025-08-26T06:15:00.000Z,0,Kathmandu,27.7007,85.3001
TXN-55500279,TXN-55500279,USR-00079,USR-5555,8188,QR_PAYMENT,SUCCESS,QR,0.02,DEV-USR-5555,2025-08-25T06:15:00.000Z,Best merchant sales income,2025-08-25T06:15:00.000Z,0,Kathmandu,27.7007,85.3001
TXN-55500280,TXN-55500280,USR-00060,USR-5555,9614,QR_PAYMENT,SUCCESS,QR,0.07,DEV-USR-5555,2025-08-24T06:15:00.000Z,Best merchant sales income,2025-08-24T06:15:00.000Z,0,Kathmandu,27.7007,85.3001
TXN-55500281,TXN-55500281,USR-00092,USR-5555,14305,QR_PAYMENT,SUCCESS,QR,0.07,DEV-USR-5555,2025-08-23T06:15:00.000Z,Best merchant sales income,2025-08-23T06:15:00.000Z,0,Kathmandu,27.7007,85.3001
TXN-55500282,TXN-55500282,USR-00076,USR-5555,9861,QR_PAYMENT,SUCCESS,QR,0.03,DEV-USR-5555,2025-08-22T06:15:00.000Z,Best merchant sales income,2025-08-22T06:15:00.000Z,0,Kathmandu,27.7007,85.3001
TXN-55500283,TXN-55500283,USR-00077,USR-5555,14807,QR_PAYMENT,SUCCESS,QR,0.06,DEV-USR-5555,2025-08-21T06:15:00.000Z,Best merchant sales income,2025-08-21T06:15:00.000Z,0,Kathmandu,27.7007,85.3001
TXN-55500284,TXN-55500284,USR-00100,USR-5555,12227,QR_PAYMENT,SUCCESS,QR,0.07,DEV-USR-5555,2025-08-20T06:15:00.000Z,Best merchant sales income,2025-08-20T06:15:00.000Z,0,Kathmandu,27.7007,85.3001
TXN-55500285,TXN-55500285,USR-00096,USR-5555,9404,QR_PAYMENT,SUCCESS,QR,0.04,DEV-USR-5555,2025-08-19T06:15:00.000Z,Best merchant sales income,2025-08-19T06:15:00.000Z,0,Kathmandu,27.7007,85.3001
TXN-55500286,TXN-55500286,USR-00082,USR-5555,8790,QR_PAYMENT,SUCCESS,QR,0.08,DEV-USR-5555,2025-08-18T06:15:00.000Z,Best merchant sales income,2025-08-18T06:15:00.000Z,0,Kathmandu,27.7007,85.3001
TXN-55500287,TXN-55500287,USR-00073,USR-5555,10969,QR_PAYMENT,SUCCESS,QR,0.08,DEV-USR-5555,2025-08-17T06:15:00.000Z,Best merchant sales income,2025-08-17T06:15:00.000Z,0,Kathmandu,27.7007,85.3001
TXN-55500288,TXN-55500288,USR-00086,USR-5555,10524,QR_PAYMENT,SUCCESS,QR,0.07,DEV-USR-5555,2025-08-16T06:15:00.000Z,Best merchant sales income,2025-08-16T06:15:00.000Z,0,Kathmandu,27.7007,85.3001
TXN-55500289,TXN-55500289,USR-00075,USR-5555,14976,QR_PAYMENT,SUCCESS,QR,0.06,DEV-USR-5555,2025-08-15T06:15:00.000Z,Best merchant sales income,2025-08-15T06:15:00.000Z,0,Kathmandu,27.7007,85.3001
TXN-55500290,TXN-55500290,USR-00096,USR-5555,13729,QR_PAYMENT,SUCCESS,QR,0.06,DEV-USR-5555,2025-08-14T06:15:00.000Z,Best merchant sales income,2025-08-14T06:15:00.000Z,0,Kathmandu,27.7007,85.3001
TXN-55500291,TXN-55500291,USR-00090,USR-5555,11953,QR_PAYMENT,SUCCESS,QR,0.04,DEV-USR-5555,2025-08-13T06:15:00.000Z,Best merchant sales income,2025-08-13T06:15:00.000Z,0,Kathmandu,27.7007,85.3001
TXN-55500292,TXN-55500292,USR-00079,USR-5555,9863,QR_PAYMENT,SUCCESS,QR,0.05,DEV-USR-5555,2025-08-12T06:15:00.000Z,Best merchant sales income,2025-08-12T06:15:00.000Z,0,Kathmandu,27.7007,85.3001
TXN-55500293,TXN-55500293,USR-00092,USR-5555,14441,QR_PAYMENT,SUCCESS,QR,0.02,DEV-USR-5555,2025-08-11T06:15:00.000Z,Best merchant sales income,2025-08-11T06:15:00.000Z,0,Kathmandu,27.7007,85.3001
TXN-55500294,TXN-55500294,USR-00084,USR-5555,12956,QR_PAYMENT,SUCCESS,QR,0.05,DEV-USR-5555,2025-08-10T06:15:00.000Z,Best merchant sales income,2025-08-10T06:15:00.000Z,0,Kathmandu,27.7007,85.3001
TXN-55500295,TXN-55500295,USR-00085,USR-5555,12126,QR_PAYMENT,SUCCESS,QR,0.03,DEV-USR-5555,2025-08-09T06:15:00.000Z,Best merchant sales income,2025-08-09T06:15:00.000Z,0,Kathmandu,27.7007,85.3001
TXN-55500296,TXN-55500296,USR-00072,USR-5555,9205,QR_PAYMENT,SUCCESS,QR,0.02,DEV-USR-5555,2025-08-08T06:15:00.000Z,Best merchant sales income,2025-08-08T06:15:00.000Z,0,Kathmandu,27.7007,85.3001
TXN-55500297,TXN-55500297,USR-00069,USR-5555,14284,QR_PAYMENT,SUCCESS,QR,0.04,DEV-USR-5555,2025-08-07T06:15:00.000Z,Best merchant sales income,2025-08-07T06:15:00.000Z,0,Kathmandu,27.7007,85.3001
TXN-55500298,TXN-55500298,USR-00070,USR-5555,13784,QR_PAYMENT,SUCCESS,QR,0.05,DEV-USR-5555,2025-08-06T06:15:00.000Z,Best merchant sales income,2025-08-06T06:15:00.000Z,0,Kathmandu,27.7007,85.3001
TXN-55500299,TXN-55500299,USR-00064,USR-5555,11907,QR_PAYMENT,SUCCESS,QR,0.05,DEV-USR-5555,2025-08-05T06:15:00.000Z,Best merchant sales income,2025-08-05T06:15:00.000Z,0,Kathmandu,27.7007,85.3001
TXN-55500300,TXN-55500300,USR-00052,USR-5555,14401,QR_PAYMENT,SUCCESS,QR,0.05,DEV-USR-5555,2025-08-04T06:15:00.000Z,Best merchant sales income,2025-08-04T06:15:00.000Z,0,Kathmandu,27.7007,85.3001
